User Id,Full Name,Email Id,Contact No,password
416885,Ajay,rocky_14561310203501_delhi@gmail.com,1456131021,abc123
416886,Rohit,rocky_14561310203502_delhi@gmail.com,1456131022,abc123
416887,Vinay,rocky_14561310203503_delhi@gmail.com,1456131023,abc123
416888,Naman,rocky_14561310203504_delhi@gmail.com,1456131024,abc123
416889,Disha,rocky_14561310203505_delhi@gmail.com,1456131025,abc123
416890,Daksh,rocky_14561310203506_delhi@gmail.com,1456131026,abc123
416891,Vibhu,rocky_14561310203507_delhi@gmail.com,1456131027,abc123
416892,Zeeshan,rocky_14561310203508_delhi@gmail.com,1456131028,abc123
416893,Heena,rocky_14561310203509_delhi@gmail.com,1456131029,abc123
416894,Javed,rocky_145613102035010_delhi@gmail.com,14561310210,abc123
416895,Brij,rocky_145613102035011_delhi@gmail.com,14561310211,abc123
416896,Seema,rocky_145613102035012_delhi@gmail.com,14561310212,abc123
416897,Vijay,rocky_145613102035013_delhi@gmail.com,14561310213,abc123
416898,Rahul,rocky_145613102035014_delhi@gmail.com,14561310214,abc123
416899,Karan,rocky_145613102035015_delhi@gmail.com,14561310215,abc123
416900,Raj,rocky_145613102035016_delhi@gmail.com,14561310216,abc123
416901,Mahi,rocky_145613102035017_delhi@gmail.com,14561310217,abc123
416902,Moksh,rocky_145613102035018_delhi@gmail.com,14561310218,abc123
416903,Deeksha,rocky_145613102035019_delhi@gmail.com,14561310219,abc123
416904,Kajal,rocky_145613102035020_delhi@gmail.com,14561310220,abc123
416905,Komal,rocky_145613102035021_delhi@gmail.com,14561310221,abc123
416906,Shivani,rocky_145613102035022_delhi@gmail.com,14561310222,abc123
416907,Jagdish,rocky_145613102035023_delhi@gmail.com,14561310223,abc123
416908,Honey,rocky_145613102035024_delhi@gmail.com,14561310224,abc123
416909,Surya,rocky_145613102035025_delhi@gmail.com,14561310225,abc123
416910,Neha,rocky_145613102035026_delhi@gmail.com,14561310226,abc123
416911,Ravi,rocky_145613102035027_delhi@gmail.com,14561310227,abc123
416912,Ajeet,rocky_145613102035028_delhi@gmail.com,14561310228,abc123
416913,Ankit,rocky_145613102035029_delhi@gmail.com,14561310229,abc123
416914,Harish,rocky_145613102035030_delhi@gmail.com,14561310230,abc123
416915,Dinesh,rocky_145613102035031_delhi@gmail.com,14561310231,abc123
416916,Dev,rocky_145613102035032_delhi@gmail.com,14561310232,abc123
416917,Akash,rocky_145613102035033_delhi@gmail.com,14561310233,abc123
416918,Abhinav,rocky_145613102035034_delhi@gmail.com,14561310234,abc123
416919,Salim,rocky_145613102035035_delhi@gmail.com,14561310235,abc123
416920,Akshay,rocky_145613102035036_delhi@gmail.com,14561310236,abc123
416921,Satish,rocky_145613102035037_delhi@gmail.com,14561310237,abc123
416922,Amit,rocky_145613102035038_delhi@gmail.com,14561310238,abc123
416923,Mahesh,rocky_145613102035039_delhi@gmail.com,14561310239,abc123
416924,Jai,rocky_145613102035140_delhi@gmail.com,14561310240,abc123
416925,Brijesh,rocky_145613102035141_delhi@gmail.com,14561310241,abc123
416926,Raja,rocky_145613102035142_delhi@gmail.com,14561310242,abc123
416927,Vikrant,rocky_145613102035143_delhi@gmail.com,14561310243,abc123
416928,Dilip,rocky_145613102035144_delhi@gmail.com,14561310244,abc123
416929,Danish,rocky_145613102035145_delhi@gmail.com,14561310245,abc123
416930,John,rocky_145613102035146_delhi@gmail.com,14561310246,abc123
416931,Ram,rocky_145613102035147_delhi@gmail.com,14561310247,abc123
416932,Kavi,rocky_145613102035148_delhi@gmail.com,14561310248,abc123
416933,Isha,rocky_145613102035149_delhi@gmail.com,14561310249,abc123
416934,Akhilesh,rocky_145613102035150_delhi@gmail.com,14561310250,abc123
416935,Abhay,rocky_145613102035151_delhi@gmail.com,14561310251,abc123
416936,Avinash,rocky_145613102035152_delhi@gmail.com,14561310252,abc123
416937,Kartik,rocky_145613102035153_delhi@gmail.com,14561310253,abc123
416938,Vimal,rocky_145613102035154_delhi@gmail.com,14561310254,abc123
416939,Vikas,rocky_145613102035155_delhi@gmail.com,14561310255,abc123
416940,Aneesh,rocky_145613102035156_delhi@gmail.com,14561310256,abc123
416941,Veer,rocky_145613102035157_delhi@gmail.com,14561310257,abc123
416942,Devesh,rocky_145613102035158_delhi@gmail.com,14561310258,abc123
416943,Vishal,rocky_145613102035159_delhi@gmail.com,14561310259,abc123
416944,Vineet,rocky_145613102035160_delhi@gmail.com,14561310260,abc123
416945,Brij,rocky_145613102035161_delhi@gmail.com,14561310261,abc123
416946,Vaibhav,rocky_145613102035162_delhi@gmail.com,14561310262,abc123
416947,Rakesh,rocky_145613102035163_delhi@gmail.com,14561310263,abc123
416948,Janvi,rocky_145613102035164_delhi@gmail.com,14561310264,abc123
416949,Amar,rocky_145613102035165_delhi@gmail.com,14561310265,abc123
416950,Ashish,rocky_145613102035166_delhi@gmail.com,14561310266,abc123
416951,Ranjan,rocky_145613102035167_delhi@gmail.com,14561310267,abc123
416952,Pratap,rocky_145613102035168_delhi@gmail.com,14561310268,abc123
416953,Nishant,rocky_145613102035169_delhi@gmail.com,14561310269,abc123
416954,Raja,rocky_145613102035170_delhi@gmail.com,14561310270,abc123
416955,Vivek,rocky_145613102035171_delhi@gmail.com,14561310271,abc123
416956,Rishi,rocky_145613102035172_delhi@gmail.com,14561310272,abc123
416957,Ansh,rocky_145613102035173_delhi@gmail.com,14561310273,abc123
416958,Neeraj,rocky_145613102035174_delhi@gmail.com,14561310274,abc123
416959,Vishu,rocky_145613102035175_delhi@gmail.com,14561310275,abc123
416960,Reena,rocky_145613102035176_delhi@gmail.com,14561310276,abc123
416961,Jagdish,rocky_145613102035177_delhi@gmail.com,14561310277,abc123
416962,Amitabh,rocky_145613102035178_delhi@gmail.com,14561310278,abc123
416963,Rashmi,rocky_145613102035179_delhi@gmail.com,14561310279,abc123
416964,Shivani,rocky_145613102035280_delhi@gmail.com,14561310280,abc123
416965,Nimesh,rocky_145613102035281_delhi@gmail.com,14561310281,abc123
416966,Sandeep,rocky_145613102035282_delhi@gmail.com,14561310282,abc123
416967,Vishwas,rocky_145613102035283_delhi@gmail.com,14561310283,abc123
416968,Saurabh,rocky_145613102035284_delhi@gmail.com,14561310284,abc123
416969,Vinod,rocky_145613102035285_delhi@gmail.com,14561310285,abc123
416970,Vidhya,rocky_145613102035286_delhi@gmail.com,14561310286,abc123
416971,Manisha,rocky_145613102035287_delhi@gmail.com,14561310287,abc123
416972,Nirmal,rocky_145613102035288_delhi@gmail.com,14561310288,abc123
416973,Shivika,rocky_145613102035289_delhi@gmail.com,14561310289,abc123
416974,Randeep,rocky_145613102035290_delhi@gmail.com,14561310290,abc123
416975,Jai,rocky_145613102035291_delhi@gmail.com,14561310291,abc123
416976,Shiv,rocky_145613102035292_delhi@gmail.com,14561310292,abc123
416977,Rakesh,rocky_145613102035293_delhi@gmail.com,14561310293,abc123
416978,Summer,rocky_145613102035294_delhi@gmail.com,14561310294,abc123
416979,Neeta,rocky_145613102035295_delhi@gmail.com,14561310295,abc123
416980,Ankita,rocky_145613102035296_delhi@gmail.com,14561310296,abc123
416981,Arun,rocky_145613102035297_delhi@gmail.com,14561310297,abc123
416982, Ankur,rocky_145613102035298_delhi@gmail.com,14561310298,abc123
416983,Anoop,rocky_145613102035299_delhi@gmail.com,14561310299,abc123
416984,Rajiv,rocky_1456131020352100_delhi@gmail.com,1.46E+11,abc123
416985,Aniket,rocky_1456131020352101_delhi@gmail.com,1.46E+11,abc123
416986,Ajit,rocky_1456131020352102_delhi@gmail.com,1.46E+11,abc123
416987,Mathew,rocky_1456131020352103_delhi@gmail.com,1.46E+11,abc123
416988,Kuldeep,rocky_1456131020352104_delhi@gmail.com,1.46E+11,abc123
416989,Jeevan,rocky_1456131020352105_delhi@gmail.com,1.46E+11,abc123
416990,Manorama,rocky_1456131020352106_delhi@gmail.com,1.46E+11,abc123
416991,Mahe,rocky_1456131020352107_delhi@gmail.com,1.46E+11,abc123
416992,Dhruv,rocky_1456131020352108_delhi@gmail.com,1.46E+11,abc123
416993,Abhay,rocky_1456131020352109_delhi@gmail.com,1.46E+11,abc123
416994,Ved,rocky_1456131020352110_delhi@gmail.com,1.46E+11,abc123
416995,Anita,rocky_1456131020352111_delhi@gmail.com,1.46E+11,abc123
416996,Pooja,rocky_1456131020352112_delhi@gmail.com,1.46E+11,abc123
416997,Arnav,rocky_1456131020352113_delhi@gmail.com,1.46E+11,abc123
416998,Nishu,rocky_1456131020352114_delhi@gmail.com,1.46E+11,abc123
416999,Rituraj,rocky_1456131020352115_delhi@gmail.com,1.46E+11,abc123
417000,Sudha,rocky_1456131020352116_delhi@gmail.com,1.46E+11,abc123
417001,Dharam,rocky_1456131020352117_delhi@gmail.com,1.46E+11,abc123
417002,Vikram,rocky_1456131020352118_delhi@gmail.com,1.46E+11,abc123
417003,Vishnu,rocky_1456131020352119_delhi@gmail.com,1.46E+11,abc123
417004,Ansh,rocky_1456131020352120_delhi@gmail.com,1.46E+11,abc123
417005,Vivaan,rocky_1456131020352121_delhi@gmail.com,1.46E+11,abc123
417006,Anjali,rocky_1456131020352122_delhi@gmail.com,1.46E+11,abc123
417007,Rachit,rocky_1456131020353123_delhi@gmail.com,1.46E+11,abc123
417008,Nidhi,rocky_1456131020353124_delhi@gmail.com,1.46E+11,abc123
417009,Khushboo,rocky_1456131020353125_delhi@gmail.com,1.46E+11,abc123
417010,Diwakar,rocky_1456131020353126_delhi@gmail.com,1.46E+11,abc123
417011,Uday,rocky_1456131020353127_delhi@gmail.com,1.46E+11,abc123
417012,Nisha,rocky_1456131020353128_delhi@gmail.com,1.46E+11,abc123
417013,Mahe,rocky_1456131020353129_delhi@gmail.com,1.46E+11,abc123
417014,Ved,rocky_1456131020353130_delhi@gmail.com,1.46E+11,abc123
417015,Ram,rocky_1456131020353131_delhi@gmail.com,1.46E+11,abc123
417016,Sameer,rocky_1456131020353132_delhi@gmail.com,1.46E+11,abc123
417017,Devik,rocky_1456131020353133_delhi@gmail.com,1.46E+11,abc123
417018,Anoop,rocky_1456131020353134_delhi@gmail.com,1.46E+11,abc123
417019,Rima,rocky_1456131020353135_delhi@gmail.com,1.46E+11,abc123
417020,Vikas,rocky_1456131020353136_delhi@gmail.com,1.46E+11,abc123
417021,Abhishek,rocky_1456131020353137_delhi@gmail.com,1.46E+11,abc123
417022,Akhilesh,rocky_1456131020353138_delhi@gmail.com,1.46E+11,abc123
417023,Nirmal,rocky_1456131020353139_delhi@gmail.com,1.46E+11,abc123
417024,Akhilesh,rocky_1456131020353140_delhi@gmail.com,1.46E+11,abc123
417025,Deepak,rocky_1456131020353141_delhi@gmail.com,1.46E+11,abc123
417026,Gimmy,rocky_1456131020353142_delhi@gmail.com,1.46E+11,abc123
417027,Rajesh,rocky_1456131020353143_delhi@gmail.com,1.46E+11,abc123
417028,Vinu,rocky_1456131020353144_delhi@gmail.com,1.46E+11,abc123
417029,Shashi,rocky_1456131020353145_delhi@gmail.com,1.46E+11,abc123
417030,Chinu,rocky_1456131020353146_delhi@gmail.com,1.46E+11,abc123
417031,Ankur,rocky_1456131020353147_delhi@gmail.com,1.46E+11,abc123
417032,Rima,rocky_1456131020353148_delhi@gmail.com,1.46E+11,abc123
417033,Ankit,rocky_1456131020353149_delhi@gmail.com,1.46E+11,abc123
417034,Urjita,rocky_1456131020353150_delhi@gmail.com,1.46E+11,abc123
417035,Praveen,rocky_1456131020353151_delhi@gmail.com,1.46E+11,abc123
417036,Naveen,rocky_1456131020353152_delhi@gmail.com,1.46E+11,abc123
417037,Raunak,rocky_1456131020353153_delhi@gmail.com,1.46E+11,abc123
417038,Ritesh,rocky_1456131020353154_delhi@gmail.com,1.46E+11,abc123
417039,Ajit,rocky_1456131020353155_delhi@gmail.com,1.46E+11,abc123
417040,Swati,rocky_1456131020353156_delhi@gmail.com,1.46E+11,abc123
417041,Vishnu,rocky_1456131020353157_delhi@gmail.com,1.46E+11,abc123
417042,Satish,rocky_1456131020353158_delhi@gmail.com,1.46E+11,abc123
417043,Kamal,rocky_1456131020353159_delhi@gmail.com,1.46E+11,abc123
417044,Riwaz,rocky_1456131020353160_delhi@gmail.com,1.46E+11,abc123
417045,Ritika,rocky_1456131020353161_delhi@gmail.com,1.46E+11,abc123
417046,Rachit,rocky_1456131020353162_delhi@gmail.com,1.46E+11,abc123
417047,Akshita,rocky_1456131020354163_delhi@gmail.com,1.46E+11,abc123
417048,Gaurav,rocky_1456131020354164_delhi@gmail.com,1.46E+11,abc123
417049,Kritika,rocky_1456131020354165_delhi@gmail.com,1.46E+11,abc123
417050,Shikha,rocky_1456131020354166_delhi@gmail.com,1.46E+11,abc123
417051,Vipin,rocky_1456131020354167_delhi@gmail.com,1.46E+11,abc123
417052,Vicky,rocky_1456131020354168_delhi@gmail.com,1.46E+11,abc123
417053,Aadesh,rocky_1456131020354169_delhi@gmail.com,1.46E+11,abc123
417054,Arpita,rocky_1456131020354170_delhi@gmail.com,1.46E+11,abc123
417055,Kalpesh,rocky_1456131020354171_delhi@gmail.com,1.46E+11,abc123
417056,Atul,rocky_1456131020354172_delhi@gmail.com,1.46E+11,abc123
417057,Bhavesh,rocky_1456131020354173_delhi@gmail.com,1.46E+11,abc123
417058,Neeti,rocky_1456131020354174_delhi@gmail.com,1.46E+11,abc123
417059,Mohak,rocky_1456131020354175_delhi@gmail.com,1.46E+11,abc123
417060,Vinamra,rocky_1456131020354176_delhi@gmail.com,1.46E+11,abc123
417061,Jyoti,rocky_1456131020354177_delhi@gmail.com,1.46E+11,abc123
417062,Jayesh,rocky_1456131020354178_delhi@gmail.com,1.46E+11,abc123
417063,Ritwik,rocky_1456131020354179_delhi@gmail.com,1.46E+11,abc123
417064,Aneesh,rocky_1456131020354180_delhi@gmail.com,1.46E+11,abc123
417065,Deepak,rocky_1456131020354181_delhi@gmail.com,1.46E+11,abc123
417066,Rohit,rocky_1456131020354182_delhi@gmail.com,1.46E+11,abc123
417067,Keshav,rocky_1456131020354183_delhi@gmail.com,1.46E+11,abc123
417068,Shanti,rocky_1456131020354184_delhi@gmail.com,1.46E+11,abc123
417069,Dheeraj,rocky_1456131020354185_delhi@gmail.com,1.46E+11,abc123
417070,Neerja,rocky_1456131020354186_delhi@gmail.com,1.46E+11,abc123
417071,Vicky,rocky_1456131020354187_delhi@gmail.com,1.46E+11,abc123
417072,Anubhav,rocky_1456131020354188_delhi@gmail.com,1.46E+11,abc123
417073,Virat,rocky_1456131020354189_delhi@gmail.com,1.46E+11,abc123
417074,Komal,rocky_1456131020354190_delhi@gmail.com,1.46E+11,abc123
417075,Keerat,rocky_1456131020354191_delhi@gmail.com,1.46E+11,abc123
417076,Anjali,rocky_1456131020354192_delhi@gmail.com,1.46E+11,abc123
417077,Deep,rocky_1456131020354193_delhi@gmail.com,1.46E+11,abc123
417078,Raja,rocky_1456131020354194_delhi@gmail.com,1.46E+11,abc123
417079,Jayesh,rocky_1456131020354195_delhi@gmail.com,1.46E+11,abc123
417080,Ranjit,rocky_1456131020354196_delhi@gmail.com,1.46E+11,abc123
417081,Prabhat,rocky_1456131020354197_delhi@gmail.com,1.46E+11,abc123
417082,Prakash,rocky_1456131020354198_delhi@gmail.com,1.46E+11,abc123
417083,Vidhya,rocky_1456131020354199_delhi@gmail.com,1.46E+11,abc123
417084,Yash,rocky_1456131020354200_delhi@gmail.com,1.46E+11,abc123
417085,Gagan,rocky_1456131020354201_delhi@gmail.com,1.46E+11,abc123
417086,Vishwas,rocky_1456131020354202_delhi@gmail.com,1.46E+11,abc123
417087,Ritu,rocky_1456131020354203_delhi@gmail.com,1.46E+11,abc123
417088,Priya,rocky_1456131020355204_delhi@gmail.com,1.46E+11,abc123
417089,Mohak,rocky_1456131020355205_delhi@gmail.com,1.46E+11,abc123
417090,Jeevan,rocky_1456131020355206_delhi@gmail.com,1.46E+11,abc123
417091,Shivika,rocky_1456131020355207_delhi@gmail.com,1.46E+11,abc123
417092,Ritika,rocky_1456131020355208_delhi@gmail.com,1.46E+11,abc123
417093,Isha,rocky_1456131020355209_delhi@gmail.com,1.46E+11,abc123
417094,Sourabh,rocky_1456131020355210_delhi@gmail.com,1.46E+11,abc123
417095,Akhilesh,rocky_1456131020355211_delhi@gmail.com,1.46E+11,abc123
417096,Jayesh,rocky_1456131020355212_delhi@gmail.com,1.46E+11,abc123
417097,Parul,rocky_1456131020355213_delhi@gmail.com,1.46E+11,abc123
417098,Jatin,rocky_1456131020355214_delhi@gmail.com,1.46E+11,abc123
417099,Pallavi,rocky_1456131020355215_delhi@gmail.com,1.46E+11,abc123
417100,Pawan,rocky_1456131020355216_delhi@gmail.com,1.46E+11,abc123
417101,Amit,rocky_1456131020355217_delhi@gmail.com,1.46E+11,abc123
417102,Vijendra,rocky_1456131020355218_delhi@gmail.com,1.46E+11,abc123
417103,Vedic,rocky_1456131020355219_delhi@gmail.com,1.46E+11,abc123
417104,Vikalp,rocky_1456131020355220_delhi@gmail.com,1.46E+11,abc123
417105,Vaibhav,rocky_1456131020355221_delhi@gmail.com,1.46E+11,abc123
417106,Diwan,rocky_1456131020355222_delhi@gmail.com,1.46E+11,abc123
417107,Sakshi,rocky_1456131020355223_delhi@gmail.com,1.46E+11,abc123
417108,Dilip,rocky_1456131020355224_delhi@gmail.com,1.46E+11,abc123
417109,Vijit,rocky_1456131020355225_delhi@gmail.com,1.46E+11,abc123
417110,Daksh,rocky_1456131020355226_delhi@gmail.com,1.46E+11,abc123
417111,Tarun,rocky_1456131020355227_delhi@gmail.com,1.46E+11,abc123
417112,Nirbhay,rocky_1456131020355228_delhi@gmail.com,1.46E+11,abc123
417113,Nitish,rocky_1456131020355229_delhi@gmail.com,1.46E+11,abc123
417114,Sunny,rocky_1456131020355230_delhi@gmail.com,1.46E+11,abc123
417115,Anubhav,rocky_1456131020355231_delhi@gmail.com,1.46E+11,abc123
417116,Prabha,rocky_1456131020355232_delhi@gmail.com,1.46E+11,abc123
417117,Vibhuti,rocky_1456131020355233_delhi@gmail.com,1.46E+11,abc123
417118,Shekhar,rocky_1456131020355234_delhi@gmail.com,1.46E+11,abc123
417119,Javed,rocky_1456131020355235_delhi@gmail.com,1.46E+11,abc123
417120,Vicky,rocky_1456131020355236_delhi@gmail.com,1.46E+11,abc123
417121,Rachit,rocky_1456131020355237_delhi@gmail.com,1.46E+11,abc123
417122,Devik,rocky_1456131020355238_delhi@gmail.com,1.46E+11,abc123
